Retorno,VaR_0.01,SE_0.01,Data
0.0023235674477999364,-0.047461692383688636,-0.07400542279593735,2023-06-27
