Retorno,VaR,SE,Data
0.03934992359333056,-2.5349267740615575,-3.8944758479028327,2023-06-26
