Retorno,VaR_0.01,SE_0.01,Data
0.002323556226717934,-0.047461709954321384,-0.07400561524453901,2023-06-27
