Retorno,VaR,SE,Data
0.039350407129814406,-2.534936316776839,-3.8945045933486013,2023-06-26
