Retorno,VaR_0.01,SE_0.01,Data
0.06531225101250127,-2.566397315598909,-3.954589267601938,2023-06-27
