Retorno,VaR_0.01,SE_0.01,Data
0.06531259992307352,-2.566394579466334,-3.9545763657364907,2023-06-27
